title,website,email,phone,demo_url
Antonovich Design - Interior Design and Fit Out Company in Dubai,https://antonovich-design.ae/,info@antonovich-group.ae,(+971) 54 299 5555,https://renderalchemyofficial.github.io/dubai-pitches/demo/antonovich-design-interior-design-and-fit-out-company-in-dubai.html
DZ Design,http://www.dzdae.com/,info@dzdae.com,(+971) 4 514 9045,https://renderalchemyofficial.github.io/dubai-pitches/demo/dz-design.html
"Interior Design Company in Dubai, Fit Out Company - Upper Room Interiors",https://urinteriors.ae/,info@urinteriors.ae,(+971) 52 158 5923,https://renderalchemyofficial.github.io/dubai-pitches/demo/interior-design-company-in-dubai-fit-out-company-upper-room-interiors.html
24 West Studio - Interior Design Company in UAE,https://24weststudio.com/,hello@24weststudio.com,(+971) 58 538 4483,https://renderalchemyofficial.github.io/dubai-pitches/demo/24-west-studio-interior-design-company-in-uae.html
Studio AA Interiors,https://www.studioaainteriors.com/,ariel@studioaainteriors.com,(+1) 416 454 9257,https://renderalchemyofficial.github.io/dubai-pitches/demo/studio-aa-interiors.html
STUDIO 7 INTERIORS,https://www.studio7interiors.com/,info@architect.com,(+971) 4 397 1073,https://renderalchemyofficial.github.io/dubai-pitches/demo/studio-7-interiors.html
Interior Design Company Dubai - WeDo Interior Design & Fit out,https://wedointerior.ae/,john@example.com,(+971) 58 807 5603,https://renderalchemyofficial.github.io/dubai-pitches/demo/interior-design-company-dubai-wedo-interior-design-fit-out.html
24 West Studio - Interior Design Company in UAE,24 West Studio,https://24weststudio.com/,(+971) 58 538 4483,https://renderalchemyofficial.github.io/dubai-pitches/demo/24-west-studio-interior-design-company-in-uae.html
Interior Design Company Dubai - WeDo Interior Design & Fit out,Interior Design Company Dubai,https://wedointerior.ae/,(+971) 58 807 5603,https://renderalchemyofficial.github.io/dubai-pitches/demo/interior-design-company-dubai-wedo-interior-design-fit-out.html
Studio AA Interiors,Studio AA Interiors,https://www.studioaainteriors.com/,(+1) 416 454 9257,https://renderalchemyofficial.github.io/dubai-pitches/demo/studio-aa-interiors.html
Antonovich Design - Interior Design and Fit Out Company in Dubai,Antonovich Design,https://antonovich-design.ae/,(+971) 54 299 5555,https://renderalchemyofficial.github.io/dubai-pitches/demo/antonovich-design-interior-design-and-fit-out-company-in-dubai.html
DZ Design,DZ Design,http://www.dzdae.com/,(+971) 4 514 9045,https://renderalchemyofficial.github.io/dubai-pitches/demo/dz-design.html
"Interior Design Company in Dubai, Fit Out Company - Upper Room Interiors","Interior Design Company in Dubai, Fit Out Company",https://urinteriors.ae/,(+971) 52 158 5923,https://renderalchemyofficial.github.io/dubai-pitches/demo/interior-design-company-in-dubai-fit-out-company-upper-room-interiors.html
AMH Interior Design L.L.C,AMH Interior Design L.L.C,https://amh-interiordesign.ae/,(+971) 56 574 4785,https://renderalchemyofficial.github.io/dubai-pitches/demo/amh-interior-design-l-l-c.html
STUDIO 7 INTERIORS,STUDIO 7 INTERIORS,https://www.studio7interiors.com/,(+971) 4 397 1073,https://renderalchemyofficial.github.io/dubai-pitches/demo/studio-7-interiors.html
4Space Design,4Space Design,https://4space.ae/,(+971) 4 438 5537,https://renderalchemyofficial.github.io/dubai-pitches/demo/4space-design.html
Saya Studio Interior Design Company Dubai UAE,Saya Studio Interior Design Company Dubai UAE,https://www.sayastudio.ae/,(+971) 50 118 4438,https://renderalchemyofficial.github.io/dubai-pitches/demo/saya-studio-interior-design-company-dubai-uae.html
FD Studioz Architecture and Interior Design,FD Studioz Architecture and Interior Design,http://www.fdstudioz.com/,(+971) 50 269 8279,https://renderalchemyofficial.github.io/dubai-pitches/demo/fd-studioz-architecture-and-interior-design.html
The Designers Studio,The Designers Studio,https://designerseducation.com/,(+971) 4 548 7474,https://renderalchemyofficial.github.io/dubai-pitches/demo/the-designers-studio.html
Roar,Roar,https://www.designbyroar.com/,(+971) 52 509 8720,https://renderalchemyofficial.github.io/dubai-pitches/demo/roar.html
Royal Fitout Decoration Design Dubai,Royal Fitout Decoration Design Dubai,https://www.royalfitout.com/,(+971) 58 514 5300,https://renderalchemyofficial.github.io/dubai-pitches/demo/royal-fitout-decoration-design-dubai.html
Decorative Center of Houston,Decorative Center of Houston,http://decorativecenter.com/,(+1) 713 961 9292,https://renderalchemyofficial.github.io/dubai-pitches/demo/decorative-center-of-houston.html
Beyond Beige Interior Design,Beyond Beige Interior Design,http://beyondbeige.com/,(+1) 604 876 3800,https://renderalchemyofficial.github.io/dubai-pitches/demo/beyond-beige-interior-design.html
Bhina Wolf Atelier - Seattle Interior Design Studio,Bhina Wolf Atelier,https://www.bhinawolfatelier.com/,(+1) 425 270 1923,https://renderalchemyofficial.github.io/dubai-pitches/demo/bhina-wolf-atelier-seattle-interior-design-studio.html
Savvy Interiors,Savvy Interiors,http://www.savvyinteriors.com/,(+1) 858 735 6735,https://renderalchemyofficial.github.io/dubai-pitches/demo/savvy-interiors.html
Studio Blake Interiors,Studio Blake Interiors,https://www.studioblakeinteriors.com/,(+1) 403 852 9698,https://renderalchemyofficial.github.io/dubai-pitches/demo/studio-blake-interiors.html
Douglas Design Studio Inc,Douglas Design Studio Inc,http://www.douglasdesignstudio.com/,(+1) 416 538 4692,https://renderalchemyofficial.github.io/dubai-pitches/demo/douglas-design-studio-inc.html
"Shea, Inc.","Shea, Inc.",https://sheadesign.com/,(+1) 612 339 2257,https://renderalchemyofficial.github.io/dubai-pitches/demo/shea-inc.html
House of Nomad Interior Design,House of Nomad Interior Design,https://houseofnomaddesign.com/,(+1) 980 371 9377,https://renderalchemyofficial.github.io/dubai-pitches/demo/house-of-nomad-interior-design.html
"Luxury Antonovich Design, LLC.","Luxury Antonovich Design, LLC.",https://antonovich-design.com/,(+1) 786 675 5956,https://renderalchemyofficial.github.io/dubai-pitches/demo/luxury-antonovich-design-llc.html
Luxury Interiors Design,Luxury Interiors Design,http://www.lidinteriors.com/,(+1) 863 855 1218,https://renderalchemyofficial.github.io/dubai-pitches/demo/luxury-interiors-design.html
dSPACE Studio Architects,dSPACE Studio Architects,https://www.dspacestudio.com/,(+1) 773 423 2920,https://renderalchemyofficial.github.io/dubai-pitches/demo/dspace-studio-architects.html
Design Galleria Kitchen and Bath Studio,Design Galleria Kitchen and Bath Studio,http://designgalleria.net/,(+1) 404 261 0111,https://renderalchemyofficial.github.io/dubai-pitches/demo/design-galleria-kitchen-and-bath-studio.html
YODEZEEN,YODEZEEN,http://yodezeen.com/us,(+1) 305 213 1321,https://renderalchemyofficial.github.io/dubai-pitches/demo/yodezeen.html
KJ Interior Design,KJ Interior Design,https://www.kj-interiordesign.com/,(+1) 916 599 7783,https://renderalchemyofficial.github.io/dubai-pitches/demo/kj-interior-design.html
Pacific Design Center,Pacific Design Center,http://www.pacificdesigncenter.com/,(+1) 310 657 0800,https://renderalchemyofficial.github.io/dubai-pitches/demo/pacific-design-center.html
Nashville Design Collective,Nashville Design Collective,http://www.nashvilledesigncollective.com/,(+1) 615 925 3387,https://renderalchemyofficial.github.io/dubai-pitches/demo/nashville-design-collective.html
Studio Seg,https://studioseg.me/?utm_source=Organic+&utm_medium=GMB+&utm_id=Google+,sales@studioseg.me,(+971) 56 329 6902,https://renderalchemyofficial.github.io/dubai-pitches/demo/studio-seg.html
ORRO INTERIOR DESIGN LLC | Luxury Fit out Contractor in Dubai & AbuDhabi | Fit out Company,http://www.orrointeriors.com/,not found,(+971) 4 265 4444,https://renderalchemyofficial.github.io/dubai-pitches/demo/orro-interior-design-llc-luxury-fit-out-contractor-in-dubai-abudhabi-fit-out-company.html
Build Craft Interior Fitout LLC | Dubai,https://www.buildcraftinteriors.com/,info@buildcraftinteriors.com,(+971) 52 963 2272,https://renderalchemyofficial.github.io/dubai-pitches/demo/build-craft-interior-fitout-llc-dubai.html
Blueprint Experts Technical Services L.L.C – Interior Fit Out Company in Dubai,https://blueprintexperts.ae/,info@blueprintexperts.ae,(+971) 54 706 9777,https://renderalchemyofficial.github.io/dubai-pitches/demo/blueprint-experts-technical-services-l-l-c-interior-fit-out-company-in-dubai.html
Design Infinity,http://www.design-infinity.com/,info@design-infinity.com,(+971) 4 379 5902,https://renderalchemyofficial.github.io/dubai-pitches/demo/design-infinity.html
A&T Group Interiors,https://www.atginteriors.com/,not found,(+971) 4 396 4121,https://renderalchemyofficial.github.io/dubai-pitches/demo/a-t-group-interiors.html
Slate Stone Interiors,http://slateinteriorsme.com/,not found,(+971) 50 107 2503,https://renderalchemyofficial.github.io/dubai-pitches/demo/slate-stone-interiors.html
Zen Fusion Design Services fze,https://zenfusiondesign.com/,not found,(+971) 55 239 7883,https://renderalchemyofficial.github.io/dubai-pitches/demo/zen-fusion-design-services-fze.html
𝐅𝐂𝐒𝐈 𝐓𝐞𝐜𝐡 - Office and Warehouse Fitout Contractor Dubai UAE,https://fcsi.ae/,info@fcsi.ae,(+971) 52 997 9452,https://renderalchemyofficial.github.io/dubai-pitches/demo/office-and-warehouse-fitout-contractor-dubai-uae.html
Step Up Interior Decoration Works LLC,https://stepupinterior.com/,info@stepupinterior.com,(+971) 58 579 5366,https://renderalchemyofficial.github.io/dubai-pitches/demo/step-up-interior-decoration-works-llc.html
Stalwart Studio Interior Design & Fitout,https://www.stalwartstudio.online/,sales@stalwartstudio.online,(+971) 52 942 9335,https://renderalchemyofficial.github.io/dubai-pitches/demo/stalwart-studio-interior-design-fitout.html
GW Design Dubai,https://www.gwdesignsa.org/,not found,(+971) 54 245 0329,https://renderalchemyofficial.github.io/dubai-pitches/demo/gw-design-dubai.html
ALMAX design,http://www.almaxdesign.com/,hello@almaxdesign.com,(+971) 4 335 7789,https://renderalchemyofficial.github.io/dubai-pitches/demo/almax-design.html
Trent Building Materials Trading LLC,http://www.trentllcme.com/,not found,not found,https://renderalchemyofficial.github.io/dubai-pitches/demo/trent-building-materials-trading-llc.html
Unique Spire Engineering Consultancy LLC,https://uniquespire.ae/,not found,(+971) 4 268 0188,https://renderalchemyofficial.github.io/dubai-pitches/demo/unique-spire-engineering-consultancy-llc.html
Shine Square Building Contracting LLC,http://www.shinesquarebuilders.com/,not found,(+971) 4 244 1400,https://renderalchemyofficial.github.io/dubai-pitches/demo/shine-square-building-contracting-llc.html
CallisonRTKL-UK Ltd.,http://www.callisonrtkl.com/offices/dubai-united-arab-emirates/,not found,(+971) 4 319 3333,https://renderalchemyofficial.github.io/dubai-pitches/demo/callisonrtkl-uk-ltd.html
Wide Edges Design Studio,https://www.wideedges.com/,not found,(+971) 58 506 3085,https://renderalchemyofficial.github.io/dubai-pitches/demo/wide-edges-design-studio.html
M Corp Interiors | Villa Renovation Company in Dubai | Interior Fit out Services | Villa Remodeling,https://mcorp-interiors.com/,info@mcorp-interiors.com,(+971) 55 156 1373,https://renderalchemyofficial.github.io/dubai-pitches/demo/m-corp-interiors-villa-renovation-company-in-dubai-interior-fit-out-services-villa-remodeling.html
Style Vista Interiors LLC | Interior Design Company in Dubai | Office Interior Design | Commercial Design,https://stylevista.ae/?utm_source=google_profile&utm_campaign=localo&utm_medium=mainlink,Leads@stylevista.ae,(+971) 50 264 0986,https://renderalchemyofficial.github.io/dubai-pitches/demo/style-vista-interiors-llc-interior-design-company-in-dubai-office-interior-design-commercial-design.html
Interior decor and Fitout,http://digitalhomeae.com/,info@digitalhomeae.com,(+971) 52 571 1885,https://renderalchemyofficial.github.io/dubai-pitches/demo/interior-decor-and-fitout.html
Zawafi Interiors LLC,https://zawafi.com/,not found,(+971) 50 767 5084,https://renderalchemyofficial.github.io/dubai-pitches/demo/zawafi-interiors-llc.html
AFAC Interior Design LLC,http://www.afac-interiors.com/,afacdxb@afac-interiors.com,(+971) 4 224 9803,https://renderalchemyofficial.github.io/dubai-pitches/demo/afac-interior-design-llc.html
SCAPEDREAM INTERIORS AND TECHNICAL SERVICES,https://scapedreaminterior.com/,not found,(+971) 4 265 6792,https://renderalchemyofficial.github.io/dubai-pitches/demo/scapedream-interiors-and-technical-services.html
THE STYLE STUDIO,https://www.thestylestudio.homes/,not found,(+971) 55 567 7190,https://renderalchemyofficial.github.io/dubai-pitches/demo/the-style-studio.html
Wasleen Technical Services – Pergola & Car Parking Solutions in Dubai,https://www.wasleen.com/,info@wasleen.com,(+971) 54 233 0837,https://renderalchemyofficial.github.io/dubai-pitches/demo/wasleen-technical-services-pergola-car-parking-solutions-in-dubai.html
Abu Ali Carpentry and Decor LLC,http://www.abualicd.com/,not found,(+971) 50 452 5051,https://renderalchemyofficial.github.io/dubai-pitches/demo/abu-ali-carpentry-and-decor-llc.html
Design Club LLC,https://designclub.ae/,not found,(+971) 4 398 1011,https://renderalchemyofficial.github.io/dubai-pitches/demo/design-club-llc.html
RECTANGLE INTERIORS “AWARD WINNING DESIGN STUDIO”,https://rectangleinterior.com/,info@rectangleinterior.com,(+971) 50 535 7999,https://renderalchemyofficial.github.io/dubai-pitches/demo/rectangle-interiors-award-winning-design-studio.html
A91 Concepts | Interior Design - Fitouts - Furniture,https://a91concepts.com/,not found,(+971) 50 266 2956,https://renderalchemyofficial.github.io/dubai-pitches/demo/a91-concepts-interior-design-fitouts-furniture.html
Hill House Interiors Dubai,https://hillhouseinteriors.com/,karla@hillhouseinteriors.com,(+971) 4 311 6668,https://renderalchemyofficial.github.io/dubai-pitches/demo/hill-house-interiors-dubai.html
JR The IDesign Studio,https://www.jr-ids.com/,juuhi@jr-ids.com,(+971) 52 832 2722,https://renderalchemyofficial.github.io/dubai-pitches/demo/jr-the-idesign-studio.html
Killa Design,https://www.killadesign.com/,info@killadesign.com,(+971) 4 355 4447,https://renderalchemyofficial.github.io/dubai-pitches/demo/killa-design.html
Toni Snyder Interior Color & Design,http://www.colorswank.com/,not found,(+971) 50 143 1443,https://renderalchemyofficial.github.io/dubai-pitches/demo/toni-snyder-interior-color-design.html
Studiomint Design Services Co LLC,https://www.studiomint.ae/,hello@studiomint.ae,(+971) 4 253 8838,https://renderalchemyofficial.github.io/dubai-pitches/demo/studiomint-design-services-co-llc.html
Harooni Design,https://harooni.ae/,not found,(+971) 52 152 3648,https://renderalchemyofficial.github.io/dubai-pitches/demo/harooni-design.html
DSA Architects International,http://www.dsa-arch.com/,not found,(+971) 4 329 2288,https://renderalchemyofficial.github.io/dubai-pitches/demo/dsa-architects-international.html
Al Hilal Engineering Consultants Dubai,http://www.alhilalengineering.net/,not found,(+971) 4 320 0025,https://renderalchemyofficial.github.io/dubai-pitches/demo/al-hilal-engineering-consultants-dubai.html
KNH TECHNICAL SERVICES LLC,https://www.knhbuilds.com/,info@knhbuilds.com,(+971) 52 855 6088,https://renderalchemyofficial.github.io/dubai-pitches/demo/knh-technical-services-llc.html
Golden Milano Technical Service,http://www.goldenmilano.ae/,not found,(+971) 55 738 2514,https://renderalchemyofficial.github.io/dubai-pitches/demo/golden-milano-technical-service.html
Crystal Quest Decoration,https://www.crystalquestdecor.com/,info@crystalquestdecor.com,(+971) 56 117 6845,https://renderalchemyofficial.github.io/dubai-pitches/demo/crystal-quest-decoration.html
Zoha Interiors and Designs,https://zohainterior.com/,not found,(+971) 50 981 0812,https://renderalchemyofficial.github.io/dubai-pitches/demo/zoha-interiors-and-designs.html
Nadhi Group,https://nadhidecore.com/,not found,(+971) 56 869 6765,https://renderalchemyofficial.github.io/dubai-pitches/demo/nadhi-group.html
CREATIVE VISION DECOR,https://www.creativevd.com/,not found,(+971) 52 702 5818,https://renderalchemyofficial.github.io/dubai-pitches/demo/creative-vision-decor.html
Draft Dekor Technical Services,https://draftdekor.com/,info@draftdekor.com,(+971) 50 531 2513,https://renderalchemyofficial.github.io/dubai-pitches/demo/draft-dekor-technical-services.html
Home Clap,https://homeclap.org/,not found,(+971) 56 985 6150,https://renderalchemyofficial.github.io/dubai-pitches/demo/home-clap.html
Monark Technical Services LLC,http://www.monarktechnical.com/,info@monarktechnical.com,(+971) 52 888 1388,https://renderalchemyofficial.github.io/dubai-pitches/demo/monark-technical-services-llc.html
Cable Master Electronics LLC,http://www.cablemasterelectronics.com/,not found,(+971) 4 353 4351,https://renderalchemyofficial.github.io/dubai-pitches/demo/cable-master-electronics-llc.html
TAKHT ALBAIT TECHNICAL SERVICES LLC S.O.C,http://takhtalbait.com/,info@takhtalbait.com,(+971) 56 327 4694,https://renderalchemyofficial.github.io/dubai-pitches/demo/takht-albait-technical-services-llc-s-o-c.html
AL REEF ALFAN TECHNICAL SERVICES,https://www.alreefmaintenance.ae/,info@alreefmaintenance.ae,(+971) 50 625 7264,https://renderalchemyofficial.github.io/dubai-pitches/demo/al-reef-alfan-technical-services.html
Hari sunar technical services,http://www.haritechnical.com/,not found,(+971) 55 961 9470,https://renderalchemyofficial.github.io/dubai-pitches/demo/hari-sunar-technical-services.html
Elegant Interior Design llc,http://www.elegantinteriordesignllc.com/,Sales@elegantinteriordesignllc.com,(+971) 50 805 9259,https://renderalchemyofficial.github.io/dubai-pitches/demo/elegant-interior-design-llc.html
Fedde Interiors,http://www.feddeinteriors.com/,info@feddeinteriors.com,(+971) 4 556 7415,https://renderalchemyofficial.github.io/dubai-pitches/demo/fedde-interiors.html
Dstny Design Interior Decoration LLC,https://dstnydesign.com/,not found,(+971) 54 555 8249,https://renderalchemyofficial.github.io/dubai-pitches/demo/dstny-design-interior-decoration-llc.html
Vzor Interiors,https://vzor.ae/,not found,(+971) 54 369 6262,https://renderalchemyofficial.github.io/dubai-pitches/demo/vzor-interiors.html
Vertigo Design LLC,http://www.vertigo.ae/,email@vertigo.ae,(+971) 4 344 4818,https://renderalchemyofficial.github.io/dubai-pitches/demo/vertigo-design-llc.html
Eva Design Furniture Trading LLC,http://evafurniture.vercel.app/,not found,(+971) 50 573 5761,https://renderalchemyofficial.github.io/dubai-pitches/demo/eva-design-furniture-trading-llc.html
LKYOOB,http://www.lkyoob.com/,not found,(+971) 4 232 2228,https://renderalchemyofficial.github.io/dubai-pitches/demo/lkyoob.html
Feshwari Home Furniture LLC,http://www.feshwarihome.ae/,info@feshwarihome.ae,(+971) 4 349 3003,https://renderalchemyofficial.github.io/dubai-pitches/demo/feshwari-home-furniture-llc.html
Zen Interiors,https://www.zeninteriors.net/,sales@zeninteriors.net,(+971) 4 340 5050,https://renderalchemyofficial.github.io/dubai-pitches/demo/zen-interiors.html
Archcorp,http://www.archcorp.biz/,not found,(+971) 4 295 5877,https://renderalchemyofficial.github.io/dubai-pitches/demo/archcorp.html
Abdulla & Associate Engineering & Architectural Consultants Dubai,https://aaa-dubai.com/,info@aaa-dubai.com,(+971) 56 238 6130,https://renderalchemyofficial.github.io/dubai-pitches/demo/abdulla-associate-engineering-architectural-consultants-dubai.html
Brewer Smith Brewer Group,https://www.bsbgroup.com/,not found,(+971) 4 294 2042,https://renderalchemyofficial.github.io/dubai-pitches/demo/brewer-smith-brewer-group.html
HAOarchitects,http://www.hao.ae/,not found,(+971) 4 358 6660,https://renderalchemyofficial.github.io/dubai-pitches/demo/haoarchitects.html
KASPER TLS GLOBAL FZCO,https://www.kaspertls.com/,not found,(+971) 58 861 1603,https://renderalchemyofficial.github.io/dubai-pitches/demo/kasper-tls-global-fzco.html
Ramada Residences by Wyndham at Dubai Islands,https://www.grovy.ae/,info@grovy.ae,(+971) 58 103 5758,https://renderalchemyofficial.github.io/dubai-pitches/demo/ramada-residences-by-wyndham-at-dubai-islands.html
Ellington Sands,https://ellington-cove.ellingtonproperties.ae/?utm_source=digital_marketing_organic&utm_medium=organic_search&utm_campaign=GMB_organic_search_GLB_En_Dec_2023&campaign_id=CMP-01041-B0C1T,not found,(+971) 4 278 0888,https://renderalchemyofficial.github.io/dubai-pitches/demo/ellington-sands.html
P&T Group - Engineers office,http://www.p-t-group.com/,not found,(+971) 4 358 6803,
OBMI,http://www.obmi.com/,not found,(+971) 4 548 4661,https://renderalchemyofficial.github.io/dubai-pitches/demo/obmi.html
LAMI Architects,http://www.lami-architects.com/,not found,(+971) 4 323 2101,https://renderalchemyofficial.github.io/dubai-pitches/demo/lami-architects.html
Arkiplan Consulting Architects and Engineers,http://www.arkiplan-me.com/,admin@arkiplan-me.com,(+971) 4 397 3553,https://renderalchemyofficial.github.io/dubai-pitches/demo/arkiplan-consulting-architects-and-engineers.html
Woods Bagot,https://www.woodsbagot.com/,not found,(+971) 4 404 1600,https://renderalchemyofficial.github.io/dubai-pitches/demo/woods-bagot.html
Designer East (Architecture & Engineering Design),http://designereast.com/,info@designereast.com,(+971) 4 352 2253,https://renderalchemyofficial.github.io/dubai-pitches/demo/designer-east-architecture-engineering-design.html
OPD Architectural Consultant,https://opd.ae/,info@opd.ae,(+971) 4 221 1011,https://renderalchemyofficial.github.io/dubai-pitches/demo/opd-architectural-consultant.html
ADC Architectural & Engineering Consultants,http://www.adcconsultant.com/,not found,(+971) 4 386 8618,https://renderalchemyofficial.github.io/dubai-pitches/demo/adc-architectural-engineering-consultants.html
Chawla Architectural & Consulting Engineers,http://www.chawladxb.ae/,info@chawladxb.ae,(+971) 4 349 3435,https://renderalchemyofficial.github.io/dubai-pitches/demo/chawla-architectural-consulting-engineers.html
Holford & Associates,https://holfordandassociates.com/,info@holfordandassociates.com,(+971) 50 455 7036,https://renderalchemyofficial.github.io/dubai-pitches/demo/holford-associates.html
Sundukovy Sisters - Design & Architecture Studio,https://sundukovy.com/en/,not found,(+971) 58 565 7323,https://renderalchemyofficial.github.io/dubai-pitches/demo/sundukovy-sisters-design-architecture-studio.html
Intel Space Building Contracting LLC,http://www.intelspacebc.com/,not found,(+971) 4 321 8330,https://renderalchemyofficial.github.io/dubai-pitches/demo/intel-space-building-contracting-llc.html
Muse Interior Design,https://musedesign.ae/,not found,(+971) 55 357 3290,https://renderalchemyofficial.github.io/dubai-pitches/demo/muse-interior-design.html
Euphoria Interiors - Interior design firm Dubai,https://www.euphoriainteriors.com/?utm_source=google&utm_medium=organic&utm_campaign=gbp2,not found,(+971) 4 490 2111,https://renderalchemyofficial.github.io/dubai-pitches/demo/euphoria-interiors-interior-design-firm-dubai.html
Interior Design Company in Dubai, Fit Out Company - Upper Room Interiors,https://urinteriors.ae/,(+971) 52 158 5923,https://renderalchemyofficial.github.io/dubai-pitches/demo/interior-design-company-in-dubai.html
Algedra Interior Design,https://algedra.ae/,not found,(+971) 52 811 1106,https://renderalchemyofficial.github.io/dubai-pitches/demo/algedra-interior-design.html
New Art Interior Design | Interior Design Company in Dubai | Best Fit Out Company in Dubai,https://www.newartid.com/,not found,(+971) 50 142 2270,https://renderalchemyofficial.github.io/dubai-pitches/demo/new-art-interior-design-interior-design-company-in-dubai-best-fit-out-company-in-dubai.html
Excel Group Of Companies UAE,https://excelgroupuae.com/,not found,(+971) 4 335 7953,https://renderalchemyofficial.github.io/dubai-pitches/demo/excel-group-of-companies-uae.html
Measure Interiors - Turnkey Fitout Specialist,https://www.measureinteriors.com/,not found,(+971) 50 265 9845,https://renderalchemyofficial.github.io/dubai-pitches/demo/measure-interiors-turnkey-fitout-specialist.html
Aura Interiors LLC,http://aurainteriors.ae/,not found,(+971) 55 789 4612,https://renderalchemyofficial.github.io/dubai-pitches/demo/aura-interiors-llc.html
Empire Design Consultancy,https://www.empiredesignuae.com/,not found,(+971) 54 434 8797,https://renderalchemyofficial.github.io/dubai-pitches/demo/empire-design-consultancy.html
Approval Dubai,https://approvaldubai.com/,not found,(+971) 55 373 3499,https://renderalchemyofficial.github.io/dubai-pitches/demo/approval-dubai.html
Render Atelier: 3D Rendering Company in Dubai UAE,https://renderatelier.com/,not found,(+971) 54 798 5833,https://renderalchemyofficial.github.io/dubai-pitches/demo/render-atelier-3d-rendering-company-in-dubai-uae.html
ibda design,http://www.ibdadesign.com/,not found,(+971) 4 298 5663,https://renderalchemyofficial.github.io/dubai-pitches/demo/ibda-design.html
FACE Architecture + Design,https://www.instagram.com/facearchitects/,not found,(+971) 4 391 8814,https://renderalchemyofficial.github.io/dubai-pitches/demo/face-architecture-design.html
PLANDO Interiors & Architecture,https://www.plandointeriors.com/,not found,(+971) 54 772 6252,https://renderalchemyofficial.github.io/dubai-pitches/demo/plando-interiors-architecture.html
Montanum Design and Architecture,https://www.montanumo.com/,not found,(+1) 818 818 9990,https://renderalchemyofficial.github.io/dubai-pitches/demo/montanum-design-and-architecture.html
Brevart,https://brevart.ae/,not found,(+971) 56 764 8888,https://renderalchemyofficial.github.io/dubai-pitches/demo/brevart.html
Greenly.ae,https://greenly.ae/,not found,(+971) 4 554 0783,
ISG Middle East,http://isgmiddleeast.com/,not found,(+971) 4 350 6900,https://renderalchemyofficial.github.io/dubai-pitches/demo/isg-middle-east.html
Al Hawraa Engineering Consultants,http://www.alhawraa-engg.com/,not found,(+971) 4 332 8010,https://renderalchemyofficial.github.io/dubai-pitches/demo/al-hawraa-engineering-consultants.html
NIKKEN SEKKEI (DUBAI.BR),http://www.nikken.co.jp/en,not found,(+971) 4 343 4269,
REDECK Pools & Landscaping,http://www.redeckpools.com/,not found,(+971) 4 255 6763,https://renderalchemyofficial.github.io/dubai-pitches/demo/redeck-pools-landscaping.html
First Square Consulting Engineers & Architects L.L.C,http://www.firstsquare.ae/,not found,(+971) 4 396 9921,
OBE Architects,http://obearchitects.com/,not found,(+971) 4 370 7171,https://renderalchemyofficial.github.io/dubai-pitches/demo/obe-architects.html
Verform Design Studio,https://verform.net/,not found,not found,https://renderalchemyofficial.github.io/dubai-pitches/demo/verform-design-studio.html
Arif & Bintoak Building,http://www.artoak.com/,not found,(+971) 4 337 2888,https://renderalchemyofficial.github.io/dubai-pitches/demo/arif-bintoak-building.html
Golden Square Engineering Consultants,http://www.gsengint.com/,not found,(+971) 800 473 2,https://renderalchemyofficial.github.io/dubai-pitches/demo/golden-square-engineering-consultants.html
Corporate Planners Engineering Consultants,http://cpec.ae/,not found,(+971) 4 277 9058,https://renderalchemyofficial.github.io/dubai-pitches/demo/corporate-planners-engineering-consultants.html
Model Engineering Consultants,https://designbymodel.com/,not found,(+971) 4 326 6625,https://renderalchemyofficial.github.io/dubai-pitches/demo/model-engineering-consultants.html
Core cutting dubai,http://www.corecuttingdubaiuae.com/,not found,(+971) 56 436 5457,https://renderalchemyofficial.github.io/dubai-pitches/demo/core-cutting-dubai.html
Modon Designs,http://www.modondesigns.com/,not found,(+971) 58 580 1228,https://renderalchemyofficial.github.io/dubai-pitches/demo/modon-designs.html
ARTEC - Architectural & Engineering Consultants,http://www.artecint.com/,not found,(+971) 4 221 6460,https://renderalchemyofficial.github.io/dubai-pitches/demo/artec-architectural-engineering-consultants.html
Mabani Consulting - An Arkitek ICB Company,https://mabaniconsulting.com/,not found,(+971) 4 345 4455,https://renderalchemyofficial.github.io/dubai-pitches/demo/mabani-consulting-an-arkitek-icb-company.html
Design Hub Building Contracting LLC,https://design-hub.ae/,not found,(+971) 50 380 0786,https://renderalchemyofficial.github.io/dubai-pitches/demo/design-hub-building-contracting-llc.html
Art Consultants - Architects and Engineers,http://www.artcon.ae/,not found,(+971) 4 237 2900,https://renderalchemyofficial.github.io/dubai-pitches/demo/art-consultants-architects-and-engineers.html
Omar Moujaes Architect,http://www.omarmoujaes.com/,not found,(+971) 4 295 5526,https://renderalchemyofficial.github.io/dubai-pitches/demo/omar-moujaes-architect.html
Architectural Heritage Society,http://www.uaeheritage.org/,not found,(+971) 4 353 9765,https://renderalchemyofficial.github.io/dubai-pitches/demo/architectural-heritage-society.html
PARADISE KASHMIR LANDSCAPING L L C,https://www.pklandscap.com/,not found,(+971) 52 242 0635,https://renderalchemyofficial.github.io/dubai-pitches/demo/paradise-kashmir-landscaping-l-l-c.html
Al Sahar Landscaping,https://alsahar.ae/,not found,(+971) 54 590 3460,https://renderalchemyofficial.github.io/dubai-pitches/demo/al-sahar-landscaping.html
AJ Landscape Gardening,http://www.ajlandscape.net/,not found,(+971) 55 472 9988,https://renderalchemyofficial.github.io/dubai-pitches/demo/aj-landscape-gardening.html
EcoGreen Architectural & Engineering Consultants,http://www.ecogreenuae.ae/,not found,(+971) 4 294 2889,https://renderalchemyofficial.github.io/dubai-pitches/demo/ecogreen-architectural-engineering-consultants.html
Almass Design & Decoration,http://www.almassgroupuae.com/,not found,(+971) 4 222 8581,https://renderalchemyofficial.github.io/dubai-pitches/demo/almass-design-decoration.html
LIV Oceanside,https://www.livuae.com/,not found,(+971) 55 654 8081,https://renderalchemyofficial.github.io/dubai-pitches/demo/liv-oceanside.html
Sunset Bay 1 by Imtiaz,https://imtiaz.ae/property/sunset-bay-by-imtiaz?utm_source=Organic_Search&utm_medium=gmb,not found,(+971) 80 046 8429,https://renderalchemyofficial.github.io/dubai-pitches/demo/sunset-bay-1-by-imtiaz.html
Breva by AYS Developers,https://www.aysdevelopers.com/,not found,(+971) 80 029 7297,https://renderalchemyofficial.github.io/dubai-pitches/demo/breva-by-ays-developers.html
Cotier House 1 by Imtiaz,https://www.cotierhousebyimtiaz.ae/,not found,(+971) 80 046 8429,https://renderalchemyofficial.github.io/dubai-pitches/demo/cotier-house-1-by-imtiaz.html
Ocean Tower (AAA Real Estate Development LLC),http://www.aaarealestatedevelopment.com/,not found,(+971) 52 966 2666,https://renderalchemyofficial.github.io/dubai-pitches/demo/ocean-tower-aaa-real-estate-development-llc.html
Wynwood by Imtiaz,https://wynwoodresidences.ae/,not found,(+971) 80 046 8429,https://renderalchemyofficial.github.io/dubai-pitches/demo/wynwood-by-imtiaz.html
Sunset Bay 3 by Imtiaz,https://www.sunsetbay3.ae/,not found,(+971) 4 430 3703,https://renderalchemyofficial.github.io/dubai-pitches/demo/sunset-bay-3-by-imtiaz.html
Zephyra Residences,https://arsenaleast.com/zephyra?utm_source=google_maps&utm_medium=maps&utm_campaign=zephyra,not found,(+971) 52 129 0001,https://renderalchemyofficial.github.io/dubai-pitches/demo/zephyra-residences.html
Azizi Wasel,http://wa.me/almogtaba,not found,(+971) 58 538 2322,https://renderalchemyofficial.github.io/dubai-pitches/demo/azizi-wasel.html
Kallat Properties,http://www.kallatproperties.com/,not found,(+971) 54 791 6003,https://renderalchemyofficial.github.io/dubai-pitches/demo/kallat-properties.html
Isolana Residences by Hayaat Developments,http://hayaatdevelopments.com/,not found,(+971) 80 042 9228,https://renderalchemyofficial.github.io/dubai-pitches/demo/isolana-residences-by-hayaat-developments.html
AGUA Residences,https://citideveloper.com/en/projects/agua,not found,(+971) 8 004 4440,https://renderalchemyofficial.github.io/dubai-pitches/demo/agua-residences.html
Casagrand Hermina,https://casagrand.ae/,not found,(+971) 54 384 3030,https://renderalchemyofficial.github.io/dubai-pitches/demo/casagrand-hermina.html
ANWA BY OMNIYAT,https://www.omniyat.com/portfolio/residential/anwa,not found,(+971) 4 511 5004,https://renderalchemyofficial.github.io/dubai-pitches/demo/anwa-by-omniyat.html
OKSA Developer,http://oksadeveloper.com/,not found,(+971) 80 077 7666,https://renderalchemyofficial.github.io/dubai-pitches/demo/oksa-developer.html
Flow Residences by Main Realty,https://mainrealty.com/,not found,(+971) 4 879 1888,https://renderalchemyofficial.github.io/dubai-pitches/demo/flow-residences-by-main-realty.html
Azizi Developments,https://azizidevelopments.com/?utm_source=SEO-GMB&utm_medium=SEO-GMB,not found,(+971) 4 359 6673,https://renderalchemyofficial.github.io/dubai-pitches/demo/azizi-developments.html
Omega Building,https://seddiqiproperties.com/,not found,(+971) 4 511 9944,https://renderalchemyofficial.github.io/dubai-pitches/demo/omega-building.html
Dubai Housing,https://www.dubaihousing-ae.com/,not found,(+971) 50 779 4706,https://renderalchemyofficial.github.io/dubai-pitches/demo/dubai-housing.html
ALD Properties LLC,https://aldpropertiesllc.com/,not found,(+971) 50 364 2828,https://renderalchemyofficial.github.io/dubai-pitches/demo/ald-properties-llc.html
KAS 5 Khalil Al Sayegh - Al Hamriya - Dubai,https://www.kas1realestate.com/,not found,(+971) 4 396 6601,https://renderalchemyofficial.github.io/dubai-pitches/demo/kas-5-khalil-al-sayegh-al-hamriya-dubai.html
P.O.B 1 Saif Al Ghurair Real Estate Experience Centre,https://www.pob1.com/,not found,(+971) 800 762 1,
Tiger Properties Sales Center - Deira,https://www.tigergroup.ae/,not found,(+971) 80 030 0300,https://renderalchemyofficial.github.io/dubai-pitches/demo/tiger-properties-sales-center-deira.html
Wasl,https://www.wasl.ae/en,not found,(+971) 800 927 5,https://renderalchemyofficial.github.io/dubai-pitches/demo/wasl.html
Mohebi Properties,http://www.mohebiproperties.com/,not found,(+971) 4 396 9777,https://renderalchemyofficial.github.io/dubai-pitches/demo/mohebi-properties.html
Impressive Real Estate LLC,https://impressiverealestate.net/,not found,(+971) 50 746 5012,https://renderalchemyofficial.github.io/dubai-pitches/demo/impressive-real-estate-llc.html
Seaside Dubai,https://www.seasidedubai.com/,not found,(+971) 52 734 1376,https://renderalchemyofficial.github.io/dubai-pitches/demo/seaside-dubai.html
FORTUNE MAKERS REAL ESTATE LLC,https://fortunemakersuae.com/,not found,(+971) 52 376 0000,https://renderalchemyofficial.github.io/dubai-pitches/demo/fortune-makers-real-estate-llc.html
BONYAN EMIRATES PROPERTIES OWNED BY ISMAIL AQIL JANAHI ONE PERSON COMPANY L.L.C,http://www.bonyanholding.com/,not found,(+971) 4 353 9500,
SHS First Real Estate,http://shsrealestatedubai.com/,not found,(+971) 58 333 0247,https://renderalchemyofficial.github.io/dubai-pitches/demo/shs-first-real-estate.html
Havenstone Properties LLC,https://www.havenstonedubai.com/,not found,(+971) 58 564 7275,https://renderalchemyofficial.github.io/dubai-pitches/demo/havenstone-properties-llc.html
RAMP REAL ESTATE L.L.C,https://www.ramprealestate.ae/,not found,(+971) 4 266 7529,
RIVOLI REAL ESTATE,http://rivolirealestate.com/,not found,(+971) 4 359 4666,https://renderalchemyofficial.github.io/dubai-pitches/demo/rivoli-real-estate.html
Dubai Land Department,https://dubailand.gov.ae/,not found,(+971) 800 448 8,https://renderalchemyofficial.github.io/dubai-pitches/demo/dubai-land-department.html
KEY HUNTERS REAL ESTATE,http://keyhuntersrealtors.com/,not found,(+971) 50 477 4680,https://renderalchemyofficial.github.io/dubai-pitches/demo/key-hunters-real-estate.html
RVN Properties,http://www.rvnproperties.com/,not found,(+971) 4 335 4796,https://renderalchemyofficial.github.io/dubai-pitches/demo/rvn-properties.html
Emirates Real Estate Solutions,http://www.eres.ae/,not found,(+971) 4 203 0203,https://renderalchemyofficial.github.io/dubai-pitches/demo/emirates-real-estate-solutions.html
PROPMAX REAL ESTATE LLC,https://www.propmaxre.com/,not found,not found,https://renderalchemyofficial.github.io/dubai-pitches/demo/propmax-real-estate-llc.html
Emerald Properties LLC,http://emeraldproperties.ae/,not found,(+971) 4 370 9111,https://renderalchemyofficial.github.io/dubai-pitches/demo/emerald-properties-llc.html
Valor Real Estate,https://www.valorealestate.com/,not found,(+971) 4 718 1421,https://renderalchemyofficial.github.io/dubai-pitches/demo/valor-real-estate.html
Property Junction International Real Estate Broker LLC,https://www.propjunction.ae/,not found,(+971) 52 554 9435,https://renderalchemyofficial.github.io/dubai-pitches/demo/property-junction-international-real-estate-broker-llc.html
Park Group,https://www.parkgroup.ae/,not found,(+971) 4 355 0019,https://renderalchemyofficial.github.io/dubai-pitches/demo/park-group.html
AMBER Developments,https://amberdevelopments.ae/,not found,(+971) 4 328 9786,https://renderalchemyofficial.github.io/dubai-pitches/demo/amber-developments.html
BamX Developments,http://bamx.ae/,not found,(+971) 800 226 9,https://renderalchemyofficial.github.io/dubai-pitches/demo/bamx-developments.html
Nine Asset Developments LLC,https://www.ninedevelopments.com/,not found,(+971) 4 541 9200,https://renderalchemyofficial.github.io/dubai-pitches/demo/nine-asset-developments-llc.html
One Za'abeel The Residences,https://onezaabeel.com/,not found,(+971) 800 692 5,
MS Homes Developers,https://mshomesdevelopers.com/,not found,(+971) 800 674 663 7,https://renderalchemyofficial.github.io/dubai-pitches/demo/ms-homes-developers.html
Arte developments,https://www.artedevelopments.ae/,not found,(+971) 8 002 2783,https://renderalchemyofficial.github.io/dubai-pitches/demo/arte-developments.html
Muraba HQ,https://www.muraba.ae/,not found,(+971) 52 900 6458,https://renderalchemyofficial.github.io/dubai-pitches/demo/muraba-hq.html
Matthews EMEA - Dubai,http://www.matthewsdev.com/,not found,(+971) 4 388 9199,https://renderalchemyofficial.github.io/dubai-pitches/demo/matthews-emea-dubai.html
MSN Private Office,https://mshahidnawaz.com/,not found,(+971) 52 733 2760,https://renderalchemyofficial.github.io/dubai-pitches/demo/msn-private-office.html
Amber Homes Real Estate,https://amberhomes.ae/,not found,(+971) 4 368 4497,https://renderalchemyofficial.github.io/dubai-pitches/demo/amber-homes-real-estate.html
DirectFromDevelopers # Rated No 1 Real Estate Consultant In Dubai,https://directfromdevelopers.ae/,not found,(+971) 50 230 1309,https://renderalchemyofficial.github.io/dubai-pitches/demo/directfromdevelopers-rated-no-1-real-estate-consultant-in-dubai.html
Mazaya Real Estate,http://www.mazayarealestate.com/,not found,(+971) 4 363 5455,https://renderalchemyofficial.github.io/dubai-pitches/demo/mazaya-real-estate.html
Al Nafisi National Real Estate Group,http://www.alnafisi.com/,not found,(+971) 4 429 8403,https://renderalchemyofficial.github.io/dubai-pitches/demo/al-nafisi-national-real-estate-group.html
LODHA Group Dubai - Corporate Office,https://www.lodhagroup.com/nri?publisher=Google-lodha-dubai-Organic-RI&campaign=Organic-Search&adgroup=lodha-dubai-GMB&digital_source=GMB-ClickLink&digital_medium=Unpaid&banner_size=GMB-ClickLink&utm_source=Google&utm_medium=Unpaid&utm_campaign=lodha-dubai-GMB&utm_content=GMB-Listing&utm_creative_format=GMB-Listing&utm_marketing_tactic=prospecting,not found,not found,https://renderalchemyofficial.github.io/dubai-pitches/demo/lodha-group-dubai-corporate-office.html
SEKENKOUM REAL ESTATE L.L.C,https://sekenkoum.com/?utm_source=google&utm_medium=local&utm_campaign=gbp_listing&utm_content=website_button,not found,(+971) 58 513 0111,
Opulent Prime Properties,https://www.opulentprimeproperties.com/,not found,(+971) 55 617 3798,https://renderalchemyofficial.github.io/dubai-pitches/demo/opulent-prime-properties.html
A1 Properties,https://a1properties.ae/,not found,(+971) 800 217 767 89,https://renderalchemyofficial.github.io/dubai-pitches/demo/a1-properties.html
Excel Properties | Top Real Estate Broker in Dubai since 2001,https://excelproperties.ae/,not found,(+971) 4 336 4447,https://renderalchemyofficial.github.io/dubai-pitches/demo/excel-properties-top-real-estate-broker-in-dubai-since-2001.html
Core Real Estate Development LLC,http://www.coredevelopments.ae/,not found,(+971) 55 888 5515,https://renderalchemyofficial.github.io/dubai-pitches/demo/core-real-estate-development-llc.html
ENSO Amber,https://www.ensoamber.com/,not found,(+971) 4 566 3676,https://renderalchemyofficial.github.io/dubai-pitches/demo/enso-amber.html
Al Fariq Properties L.L.C. | Buy, Sell and Rent a Property in Dubai | Real Estate Company in Dubai,http://www.alfariqproperties.com/,(+971) 4 874 7892,
Property Boutique by Provident @DWTC,https://providentestate.com/,not found,(+971) 50 433 1871,https://renderalchemyofficial.github.io/dubai-pitches/demo/property-boutique-by-provident-dwtc.html
Sacred Lands Group | Real estate investment in India | Buy Property in India From Dubai,http://sacredlands.co/,not found,(+971) 52 365 2776,https://renderalchemyofficial.github.io/dubai-pitches/demo/sacred-lands-group-real-estate-investment-in-india-buy-property-in-india-from-dubai.html
Kredium UAE | Real Estate | Mortgages,http://www.kredium.ae/,not found,(+971) 56 951 8088,https://renderalchemyofficial.github.io/dubai-pitches/demo/kredium-uae-real-estate-mortgages.html
Trafalgar Properties & Land LTD,http://trafalgar-properties.com/,not found,(+971) 4 453 7744,https://renderalchemyofficial.github.io/dubai-pitches/demo/trafalgar-properties-land-ltd.html
1 Residences | Wasl1,https://www.wasl1.ae/,not found,not found,https://renderalchemyofficial.github.io/dubai-pitches/demo/1-residences-wasl1.html
Christie’s International Real Estate Dubai,https://www.christiesrealestatedubai.com/,not found,(+971) 4 425 2780,
All Fix Renovation Dubai,https://allfixrenovationdubai.com/,not found,(+971) 56 578 9102,https://renderalchemyofficial.github.io/dubai-pitches/demo/all-fix-renovation-dubai.html
Nice Renovation,https://nicerenovation.ae/,not found,(+971) 52 744 5326,https://renderalchemyofficial.github.io/dubai-pitches/demo/nice-renovation.html
Home renovation dubai,https://apartmentrenovationdubai.com/,not found,(+971) 55 833 0586,https://renderalchemyofficial.github.io/dubai-pitches/demo/home-renovation-dubai.html
Aman Al Iqra Interior Designer and Renovation,https://amanaliqratechnical.ae/,not found,(+971) 55 841 7073,https://renderalchemyofficial.github.io/dubai-pitches/demo/aman-al-iqra-interior-designer-and-renovation.html
Asly Facilities Management,http://www.aslyfm.com/,not found,(+971) 58 158 1651,https://renderalchemyofficial.github.io/dubai-pitches/demo/asly-facilities-management.html
Prime Home Technicians,https://primehometechnicians.com/,not found,(+971) 50 554 3495,https://renderalchemyofficial.github.io/dubai-pitches/demo/prime-home-technicians.html
Golden Heights,https://goldenheights.co/,not found,(+971) 56 481 9460,https://renderalchemyofficial.github.io/dubai-pitches/demo/golden-heights.html
Renovation Company Dubai - Bathroom, Kichen Renovation Contractor Dubai,http://www.fastsecure.ae/,(+971) 56 699 5575,https://renderalchemyofficial.github.io/dubai-pitches/demo/renovation-company-dubai-bathroom.html
Fixation Hub| Maintainence company in Dubai,https://fixationhub.ae/,not found,(+971) 52 796 9030,https://renderalchemyofficial.github.io/dubai-pitches/demo/fixation-hub-maintainence-company-in-dubai.html
Maher contracting, Renovation and maintenance company ithra gold souqdubai,https://websites.godaddy.com/en-AE/editor/54f138f8-a844-4acc-b8fc-6f4947d18f8a/953f9e22-e3fe-4b88-957a-f5364415d07f/edit?source=start,(+971) 56 231 3262,https://renderalchemyofficial.github.io/dubai-pitches/demo/maher-contracting.html
MAAG TECHNICAL SERVICES LLC,https://maagtechnicalservicellc.com/,not found,(+971) 56 637 5618,https://renderalchemyofficial.github.io/dubai-pitches/demo/maag-technical-services-llc.html
RightFixers Handyman Dubai Services,https://www.rightfixers.com/,not found,(+971) 56 996 9931,https://renderalchemyofficial.github.io/dubai-pitches/demo/rightfixers-handyman-dubai-services.html
Al Tariq Contracting LLC,http://www.altariqcontracting.com/,not found,(+971) 4 352 4341,https://renderalchemyofficial.github.io/dubai-pitches/demo/al-tariq-contracting-llc.html
Strux,https://strux.ae/,not found,(+971) 58 593 5733,https://renderalchemyofficial.github.io/dubai-pitches/demo/strux.html
Alakhtyr Aljyd Technical Services Co LLC,https://alakhtyraljyd.ae/,not found,(+971) 54 494 9658,https://renderalchemyofficial.github.io/dubai-pitches/demo/alakhtyr-aljyd-technical-services-co-llc.html
Qaser Al Zahr Technical Services,http://www.qaseralzahr.com/,not found,(+971) 55 106 7101,https://renderalchemyofficial.github.io/dubai-pitches/demo/qaser-al-zahr-technical-services.html
Nexgen Build Technical Services L.L.C,https://www.nexgenbuild.ae/,not found,(+971) 54 581 8079,
Atif Build (AB) Technical & Maintenence Services,https://atifbuild.com/,not found,(+971) 55 933 6638,https://renderalchemyofficial.github.io/dubai-pitches/demo/atif-build-ab-technical-maintenence-services.html
Al Bharat Contracting LLC,https://abcllcdxb.com/,not found,(+971) 4 352 5544,https://renderalchemyofficial.github.io/dubai-pitches/demo/al-bharat-contracting-llc.html
Elitespace Artisan,https://elitespaceartisan.com/,not found,(+971) 56 563 7830,https://renderalchemyofficial.github.io/dubai-pitches/demo/elitespace-artisan.html
Ruby Technical Services,http://www.rubytechuae.com/,not found,(+971) 58 159 6848,https://renderalchemyofficial.github.io/dubai-pitches/demo/ruby-technical-services.html
My Technical Services,https://mytechnicalservices.com/,not found,(+971) 58 291 8004,https://renderalchemyofficial.github.io/dubai-pitches/demo/my-technical-services.html
Sabir Maintenance Est.,https://sabirmnt.net/,not found,(+971) 52 750 4941,https://renderalchemyofficial.github.io/dubai-pitches/demo/sabir-maintenance-est.html
Fixplus Technical Services LLC,https://www.fixplus.ae/,not found,(+971) 58 172 1972,https://renderalchemyofficial.github.io/dubai-pitches/demo/fixplus-technical-services-llc.html
KVC TECHNICAL SERVICES CO. L.L.C,https://www.kvctechnical.com/,not found,(+971) 56 560 0178,
Instant Fix Technical Services LLC,http://www.instant-fix.com/,not found,(+971) 55 697 8789,https://renderalchemyofficial.github.io/dubai-pitches/demo/instant-fix-technical-services-llc.html
Al Ballurat Al Hamra LLC,https://alballuratalhamrallc.ae/,not found,(+971) 52 547 2011,https://renderalchemyofficial.github.io/dubai-pitches/demo/al-ballurat-al-hamra-llc.html
Mahaa Contracting & Technical services L.L.C,https://mahaacats.com/,not found,(+971) 55 845 5162,
Unique Hills Pools & Garden – Landscaping and Swimming Pool Contractors in Dubai,https://www.uhpoolsandgardens.ae/,not found,(+971) 55 521 2405,https://renderalchemyofficial.github.io/dubai-pitches/demo/unique-hills-pools-garden-landscaping-and-swimming-pool-contractors-in-dubai.html
Dream Projex,https://dreamprojex.com/,not found,(+971) 55 507 1144,https://renderalchemyofficial.github.io/dubai-pitches/demo/dream-projex.html
Madinat Al Wafa Technical Services,http://www.mawtservices.com/,not found,(+971) 50 967 5424,https://renderalchemyofficial.github.io/dubai-pitches/demo/madinat-al-wafa-technical-services.html
Sikah Al Madina Technical Services LLC,https://sikahalmadina.com/,not found,(+971) 55 358 3231,https://renderalchemyofficial.github.io/dubai-pitches/demo/sikah-al-madina-technical-services-llc.html
Wadi Ghalilah Technical Services,https://ghalilahtechnical.com/,not found,(+971) 55 285 2200,https://renderalchemyofficial.github.io/dubai-pitches/demo/wadi-ghalilah-technical-services.html
Green Circle Trading Co.LLC main branch,https://www.greencircletrading.ae/,not found,(+971) 4 353 5993,
HASSAN AL SAFFAR BUILDING MATERIALS TRADING L.L.C,https://www.hasbmt.com/,not found,(+971) 56 948 4089,
Confident Contracting Co LLC,https://www.confident-group.com/,not found,(+971) 55 338 7577,https://renderalchemyofficial.github.io/dubai-pitches/demo/confident-contracting-co-llc.html
HAM Technical Services,https://hamts.ae/,not found,not found,https://renderalchemyofficial.github.io/dubai-pitches/demo/ham-technical-services.html
Emergency AC Service & Repair | Top Technician Available 24/7,https://homefixituae.com/24hr-emergency-ac-repair-dubai/,not found,(+971) 55 204 1300,
Shahbaz Maqsood Technical Services LLC,https://shahbaztechnicalservices.com/,not found,(+971) 56 850 3837,https://renderalchemyofficial.github.io/dubai-pitches/demo/shahbaz-maqsood-technical-services-llc.html
Samira carpentry (branch),https://carpenternearme.ae/,not found,(+971) 55 890 6888,https://renderalchemyofficial.github.io/dubai-pitches/demo/samira-carpentry-branch.html
We Will Fix in Dubai,https://wewillfixindubai.com/,not found,(+971) 55 552 8310,https://renderalchemyofficial.github.io/dubai-pitches/demo/we-will-fix-in-dubai.html
One Round Technical Services LLC,https://ortechservice.com/,not found,(+971) 52 727 0946,https://renderalchemyofficial.github.io/dubai-pitches/demo/one-round-technical-services-llc.html
Vinscon Construction LLC,https://www.vinscon.com/,not found,(+971) 4 325 2317,https://renderalchemyofficial.github.io/dubai-pitches/demo/vinscon-construction-llc.html
Experts villa panting service in ae,https://villapaintingservicedubai.com/,not found,(+971) 52 196 0765,https://renderalchemyofficial.github.io/dubai-pitches/demo/experts-villa-panting-service-in-ae.html
Well Done Handyman Services Dubai,https://welldoneservices.me/,not found,(+971) 58 572 3060,https://renderalchemyofficial.github.io/dubai-pitches/demo/well-done-handyman-services-dubai.html
Ground Up Construction,https://groundupuae.com/,not found,(+971) 4 569 3260,https://renderalchemyofficial.github.io/dubai-pitches/demo/ground-up-construction.html
Innovect technical services LLC,http://www.innovect.ae/,not found,(+971) 50 634 4821,https://renderalchemyofficial.github.io/dubai-pitches/demo/innovect-technical-services-llc.html
Vibrant Star Building Construction LLC,https://vibrant-star.com/,not found,(+971) 4 227 7754,https://renderalchemyofficial.github.io/dubai-pitches/demo/vibrant-star-building-construction-llc.html
SAMIRA MOHD CARPENTRY,http://www.samiramohdcarpentry.com/,not found,(+971) 56 291 1712,https://renderalchemyofficial.github.io/dubai-pitches/demo/samira-mohd-carpentry.html
WeFix Home UAE,http://wefixhomeuae.com/,not found,(+971) 55 447 9701,https://renderalchemyofficial.github.io/dubai-pitches/demo/wefix-home-uae.html
